<?xml version="1.0" encoding="UTF-8"?>
<feature
      id="net.myerichsen.hremvp.feature"
      label="HRE MVP Base Feature"
      version="0.2.0.201901051140"
      provider-name="History Reserach Environment Ltd.">

   <description url="http://www.example.com/description">
      [Enter Feature Description here.]
   </description>

   <copyright url="http://www.example.com/copyright">
      [Enter Copyright Description here.]
   </copyright>

   <license url="http://www.example.com/license">
      [Enter License Description here.]
   </license>

   <includes
         id="com.opcoach.e4.preferences.feature"
         version="1.0.0.201901051140"/>

   <requires>
      <import plugin="javax.inject"/>
      <import plugin="org.eclipse.swt"/>
      <import plugin="org.eclipse.e4.ui.model.workbench"/>
      <import plugin="org.eclipse.jface"/>
      <import plugin="org.eclipse.e4.ui.services"/>
      <import plugin="org.eclipse.e4.ui.workbench"/>
      <import plugin="org.eclipse.e4.core.di"/>
      <import plugin="org.eclipse.e4.ui.di"/>
      <import plugin="org.eclipse.e4.core.contexts"/>
      <import plugin="org.eclipse.core.runtime"/>
      <import plugin="org.h2"/>
      <import plugin="org.eclipse.e4.core.commands"/>
      <import plugin="org.eclipse.e4.core.services"/>
      <import plugin="org.eclipse.ui.workbench"/>
      <import plugin="org.eclipse.ui.console"/>
      <import plugin="org.eclipse.jetty.server"/>
      <import plugin="javax.servlet"/>
      <import plugin="org.apache.httpcomponents.httpclient"/>
      <import plugin="org.apache.httpcomponents.httpcore"/>
      <import plugin="org.eclipse.e4.core.di.extensions"/>
      <import plugin="org.eclipse.ui"/>
      <import plugin="org.eclipse.e4.ui.workbench.swt"/>
      <import plugin="com.opcoach.e4.preferences"/>
      <import plugin="javax.annotation"/>
      <import plugin="org.eclipse.help.base"/>
      <import plugin="org.eclipse.equinox.preferences"/>
      <import plugin="org.eclipse.help.ui"/>
      <import plugin="org.eclipse.core.resources"/>
   </requires>

   <plugin
         id="net.myerichsen.hremvp"
         download-size="765"
         install-size="1485"
         version="0.2.0.201901051140"
         unpack="false"/>

</feature>
