<?xml version='1.0' encoding='UTF-8'?>
<?artifactRepository version='1.1.0'?>
<repository name='Bundle pool' type='org.eclipse.equinox.p2.artifact.repository.simpleRepository' version='1'>
  <properties size='2'>
    <property name='p2.system' value='true'/>
    <property name='p2.timestamp' value='1546688552885'/>
  </properties>
  <mappings size='3'>
    <rule filter='(&amp; (classifier=osgi.bundle))' output='${repoUrl}/plugins/${id}_${version}.jar'/>
    <rule filter='(&amp; (classifier=binary))' output='${repoUrl}/binary/${id}_${version}'/>
    <rule filter='(&amp; (classifier=org.eclipse.update.feature))' output='${repoUrl}/features/${id}_${version}.jar'/>
  </mappings>
  <artifacts size='123'>
    <artifact classifier='osgi.bundle' id='org.eclipse.equinox.jsp.jasper.registry' version='1.1.0.v20171221-2204'>
      <properties size='1'>
        <property name='download.size' value='12788'/>
      </properties>
    </artifact>
    <artifact classifier='osgi.bundle' id='javax.annotation' version='1.2.0.v201602091430'>
      <properties size='1'>
        <property name='download.size' value='29148'/>
      </properties>
    </artifact>
    <artifact classifier='osgi.bundle' id='org.eclipse.jetty.security' version='9.4.10.v20180503'>
      <properties size='1'>
        <property name='download.size' value='102572'/>
      </properties>
    </artifact>
    <artifact classifier='osgi.bundle' id='org.eclipse.e4.core.commands' version='0.12.200.v20180427-0801'>
      <properties size='1'>
        <property name='download.size' value='25604'/>
      </properties>
    </artifact>
    <artifact classifier='osgi.bundle' id='org.eclipse.ui.console' version='3.8.0.v20180413-0859'>
      <properties size='1'>
        <property name='download.size' value='213155'/>
      </properties>
    </artifact>
    <artifact classifier='osgi.bundle' id='org.apache.lucene.core' version='7.1.0.v20171214-1510'>
      <properties size='1'>
        <property name='download.size' value='2948978'/>
      </properties>
    </artifact>
    <artifact classifier='osgi.bundle' id='org.eclipse.equinox.event' version='1.4.200.v20180426-0845'>
      <properties size='1'>
        <property name='download.size' value='34746'/>
      </properties>
    </artifact>
    <artifact classifier='osgi.bundle' id='org.eclipse.swt' version='3.107.0.v20180611-0422'>
      <properties size='1'>
        <property name='download.size' value='19339'/>
      </properties>
    </artifact>
    <artifact classifier='org.eclipse.update.feature' id='org.eclipse.e4.rcp' version='1.6.100.v20180611-0422'>
      <properties size='1'>
        <property name='download.size' value='20046'/>
      </properties>
      <repositoryProperties size='1'>
        <property name='artifact.folder' value='true'/>
      </repositoryProperties>
    </artifact>
    <artifact classifier='osgi.bundle' id='org.eclipse.core.filesystem' version='1.7.100.v20180304-1102'>
      <properties size='1'>
        <property name='download.size' value='66622'/>
      </properties>
    </artifact>
    <artifact classifier='osgi.bundle' id='org.eclipse.osgi.compatibility.state' version='1.1.100.v20180331-1743'>
      <properties size='1'>
        <property name='download.size' value='244686'/>
      </properties>
    </artifact>
    <artifact classifier='osgi.bundle' id='org.eclipse.e4.ui.bindings' version='0.12.100.v20180509-1220'>
      <properties size='1'>
        <property name='download.size' value='46006'/>
      </properties>
    </artifact>
    <artifact classifier='osgi.bundle' id='net.myerichsen.hremvp' version='0.2.0.201901051140'>
      <properties size='1'>
        <property name='download.size' value='783457'/>
      </properties>
    </artifact>
    <artifact classifier='org.eclipse.update.feature' id='org.eclipse.help' version='2.2.200.v20180611-0500'>
      <properties size='1'>
        <property name='download.size' value='18660'/>
      </properties>
      <repositoryProperties size='1'>
        <property name='artifact.folder' value='true'/>
      </repositoryProperties>
    </artifact>
    <artifact classifier='osgi.bundle' id='org.eclipse.jetty.http' version='9.4.10.v20180503'>
      <properties size='1'>
        <property name='download.size' value='204848'/>
      </properties>
    </artifact>
    <artifact classifier='osgi.bundle' id='org.eclipse.equinox.registry' version='3.8.0.v20180426-1327'>
      <properties size='1'>
        <property name='download.size' value='196218'/>
      </properties>
    </artifact>
    <artifact classifier='osgi.bundle' id='org.eclipse.help.ui' version='4.1.100.v20180418-0908'>
      <properties size='1'>
        <property name='download.size' value='470740'/>
      </properties>
    </artifact>
    <artifact classifier='osgi.bundle' id='org.eclipse.e4.core.di.extensions' version='0.15.100.v20180403-1008'>
      <properties size='1'>
        <property name='download.size' value='11397'/>
      </properties>
    </artifact>
    <artifact classifier='osgi.bundle' id='org.eclipse.osgi.services' version='3.7.0.v20180223-1712'>
      <properties size='1'>
        <property name='download.size' value='125904'/>
      </properties>
    </artifact>
    <artifact classifier='osgi.bundle' id='javax.servlet.jsp' version='2.2.0.v201112011158'>
      <properties size='1'>
        <property name='download.size' value='111144'/>
      </properties>
    </artifact>
    <artifact classifier='osgi.bundle' id='org.apache.lucene.analyzers-smartcn' version='7.1.0.v20180122-2126'>
      <properties size='1'>
        <property name='download.size' value='3614254'/>
      </properties>
    </artifact>
    <artifact classifier='osgi.bundle' id='org.eclipse.equinox.http.jetty' version='3.6.0.v20180328-1442'>
      <properties size='1'>
        <property name='download.size' value='28793'/>
      </properties>
    </artifact>
    <artifact classifier='osgi.bundle' id='org.w3c.dom.svg' version='1.1.0.v201011041433'>
      <properties size='1'>
        <property name='download.size' value='97545'/>
      </properties>
    </artifact>
    <artifact classifier='osgi.bundle' id='org.apache.commons.io' version='2.2.0.v201405211200'>
      <properties size='1'>
        <property name='download.size' value='194073'/>
      </properties>
    </artifact>
    <artifact classifier='osgi.bundle' id='org.apache.httpcomponents.httpcore' version='4.4.6.v20170210-0925'>
      <properties size='1'>
        <property name='download.size' value='354656'/>
      </properties>
    </artifact>
    <artifact classifier='osgi.bundle' id='org.eclipse.emf.ecore.change' version='2.12.0.v20180125-1130'>
      <properties size='1'>
        <property name='download.size' value='103032'/>
      </properties>
    </artifact>
    <artifact classifier='osgi.bundle' id='org.eclipse.equinox.launcher.win32.win32.x86_64' version='1.1.700.v20180518-1200'>
      <properties size='1'>
        <property name='download.size' value='77807'/>
      </properties>
      <repositoryProperties size='1'>
        <property name='artifact.folder' value='true'/>
      </repositoryProperties>
    </artifact>
    <artifact classifier='osgi.bundle' id='org.apache.batik.constants' version='1.9.1.v20180227-1645'>
      <properties size='1'>
        <property name='download.size' value='20819'/>
      </properties>
    </artifact>
    <artifact classifier='osgi.bundle' id='org.eclipse.core.resources' version='3.13.0.v20180512-1138'>
      <properties size='1'>
        <property name='download.size' value='889774'/>
      </properties>
    </artifact>
    <artifact classifier='osgi.bundle' id='org.apache.commons.jxpath' version='1.3.0.v200911051830'>
      <properties size='1'>
        <property name='download.size' value='315491'/>
      </properties>
    </artifact>
    <artifact classifier='osgi.bundle' id='org.eclipse.core.runtime' version='3.14.0.v20180417-0825'>
      <properties size='1'>
        <property name='download.size' value='74597'/>
      </properties>
    </artifact>
    <artifact classifier='osgi.bundle' id='org.eclipse.core.commands' version='3.9.100.v20180404-1234'>
      <properties size='1'>
        <property name='download.size' value='115654'/>
      </properties>
    </artifact>
    <artifact classifier='osgi.bundle' id='org.eclipse.compare.core' version='3.6.200.v20180312-1255'>
      <properties size='1'>
        <property name='download.size' value='67807'/>
      </properties>
    </artifact>
    <artifact classifier='osgi.bundle' id='org.eclipse.e4.ui.widgets' version='1.2.100.v20180403-0945'>
      <properties size='1'>
        <property name='download.size' value='15356'/>
      </properties>
    </artifact>
    <artifact classifier='osgi.bundle' id='org.eclipse.e4.core.contexts' version='1.7.0.v20180514-1409'>
      <properties size='1'>
        <property name='download.size' value='48573'/>
      </properties>
    </artifact>
    <artifact classifier='osgi.bundle' id='org.eclipse.equinox.util' version='1.1.0.v20180419-0833'>
      <properties size='1'>
        <property name='download.size' value='83282'/>
      </properties>
    </artifact>
    <artifact classifier='osgi.bundle' id='org.apache.felix.gogo.command' version='1.0.2.v20170914-1324'>
      <properties size='1'>
        <property name='download.size' value='58232'/>
      </properties>
    </artifact>
    <artifact classifier='osgi.bundle' id='org.eclipse.e4.ui.workbench3' version='0.14.100.v20180403-0945'>
      <properties size='1'>
        <property name='download.size' value='10928'/>
      </properties>
    </artifact>
    <artifact classifier='osgi.bundle' id='org.eclipse.core.net' version='1.3.200.v20180515-0858'>
      <properties size='1'>
        <property name='download.size' value='74311'/>
      </properties>
    </artifact>
    <artifact classifier='osgi.bundle' id='org.eclipse.ui' version='3.109.100.v20180426-0903'>
      <properties size='1'>
        <property name='download.size' value='475730'/>
      </properties>
    </artifact>
    <artifact classifier='osgi.bundle' id='org.eclipse.e4.core.di.extensions.supplier' version='0.15.100.v20180427-1454'>
      <properties size='1'>
        <property name='download.size' value='35326'/>
      </properties>
    </artifact>
    <artifact classifier='osgi.bundle' id='org.eclipse.e4.ui.di' version='1.2.200.v20180403-0945'>
      <properties size='1'>
        <property name='download.size' value='17553'/>
      </properties>
    </artifact>
    <artifact classifier='org.eclipse.update.feature' id='org.eclipse.emf.common' version='2.14.0.v20180527-1134'>
      <properties size='1'>
        <property name='download.size' value='18236'/>
      </properties>
      <repositoryProperties size='1'>
        <property name='artifact.folder' value='true'/>
      </repositoryProperties>
    </artifact>
    <artifact classifier='osgi.bundle' id='org.eclipse.core.jobs' version='3.10.0.v20180427-1454'>
      <properties size='1'>
        <property name='download.size' value='107636'/>
      </properties>
    </artifact>
    <artifact classifier='osgi.bundle' id='org.eclipse.e4.ui.model.workbench' version='2.1.0.v20180429-1333'>
      <properties size='1'>
        <property name='download.size' value='398635'/>
      </properties>
    </artifact>
    <artifact classifier='osgi.bundle' id='org.apache.xmlgraphics' version='2.2.0.v20180410-1551'>
      <properties size='1'>
        <property name='download.size' value='696382'/>
      </properties>
    </artifact>
    <artifact classifier='osgi.bundle' id='org.eclipse.core.contenttype' version='3.7.0.v20180426-1644'>
      <properties size='1'>
        <property name='download.size' value='105529'/>
      </properties>
    </artifact>
    <artifact classifier='osgi.bundle' id='org.eclipse.e4.core.di.annotations' version='1.6.100.v20180427-1454'>
      <properties size='1'>
        <property name='download.size' value='12258'/>
      </properties>
    </artifact>
    <artifact classifier='osgi.bundle' id='org.eclipse.ui.forms' version='3.7.200.v20180512-1133'>
      <properties size='1'>
        <property name='download.size' value='326545'/>
      </properties>
    </artifact>
    <artifact classifier='osgi.bundle' id='org.eclipse.e4.ui.services' version='1.3.100.v20180403-0945'>
      <properties size='1'>
        <property name='download.size' value='25763'/>
      </properties>
    </artifact>
    <artifact classifier='osgi.bundle' id='org.eclipse.jetty.continuation' version='9.4.10.v20180503'>
      <properties size='1'>
        <property name='download.size' value='23367'/>
      </properties>
    </artifact>
    <artifact classifier='osgi.bundle' id='org.eclipse.e4.ui.workbench.swt' version='0.14.200.v20180516-2019'>
      <properties size='1'>
        <property name='download.size' value='174979'/>
      </properties>
    </artifact>
    <artifact classifier='osgi.bundle' id='org.eclipse.e4.ui.css.core' version='0.12.200.v20180417-2309'>
      <properties size='1'>
        <property name='download.size' value='217667'/>
      </properties>
    </artifact>
    <artifact classifier='osgi.bundle' id='org.eclipse.osgi' version='3.13.0.v20180409-1500'>
      <properties size='1'>
        <property name='download.size' value='1428984'/>
      </properties>
    </artifact>
    <artifact classifier='osgi.bundle' id='org.eclipse.core.databinding.beans' version='1.4.100.v20180403-0944'>
      <properties size='1'>
        <property name='download.size' value='79457'/>
      </properties>
    </artifact>
    <artifact classifier='osgi.bundle' id='org.eclipse.help.base' version='4.2.200.v20180611-0500'>
      <properties size='1'>
        <property name='download.size' value='426261'/>
      </properties>
    </artifact>
    <artifact classifier='osgi.bundle' id='org.apache.commons.codec' version='1.9.0.v20170208-1614'>
      <properties size='1'>
        <property name='download.size' value='291070'/>
      </properties>
    </artifact>
    <artifact classifier='osgi.bundle' id='org.apache.felix.gogo.shell' version='1.0.0.v20170914-1324'>
      <properties size='1'>
        <property name='download.size' value='69789'/>
      </properties>
    </artifact>
    <artifact classifier='osgi.bundle' id='org.eclipse.e4.core.di' version='1.7.0.v20180427-1454'>
      <properties size='1'>
        <property name='download.size' value='55107'/>
      </properties>
    </artifact>
    <artifact classifier='osgi.bundle' id='org.eclipse.help' version='3.8.100.v20180512-1136'>
      <properties size='1'>
        <property name='download.size' value='270152'/>
      </properties>
    </artifact>
    <artifact classifier='osgi.bundle' id='com.ibm.icu' version='58.2.0.v20170418-1837'>
      <properties size='1'>
        <property name='download.size' value='12058283'/>
      </properties>
    </artifact>
    <artifact classifier='osgi.bundle' id='org.eclipse.equinox.common' version='3.10.0.v20180412-1130'>
      <properties size='1'>
        <property name='download.size' value='122021'/>
      </properties>
    </artifact>
    <artifact classifier='osgi.bundle' id='org.eclipse.equinox.launcher' version='1.5.0.v20180512-1130'>
      <properties size='1'>
        <property name='download.size' value='54553'/>
      </properties>
    </artifact>
    <artifact classifier='osgi.bundle' id='com.opcoach.e4.preferences' version='1.0.0.201901051140'>
      <properties size='1'>
        <property name='download.size' value='20455'/>
      </properties>
    </artifact>
    <artifact classifier='osgi.bundle' id='org.eclipse.equinox.app' version='1.3.500.v20171221-2204'>
      <properties size='1'>
        <property name='download.size' value='87721'/>
      </properties>
    </artifact>
    <artifact classifier='osgi.bundle' id='org.eclipse.equinox.security' version='1.2.400.v20171221-2204'>
      <properties size='1'>
        <property name='download.size' value='109814'/>
      </properties>
    </artifact>
    <artifact classifier='osgi.bundle' id='org.eclipse.e4.ui.dialogs' version='1.1.200.v20180403-0945'>
      <properties size='1'>
        <property name='download.size' value='46134'/>
      </properties>
    </artifact>
    <artifact classifier='osgi.bundle' id='org.eclipse.e4.ui.workbench' version='1.6.0.v20180516-2019'>
      <properties size='1'>
        <property name='download.size' value='265047'/>
      </properties>
    </artifact>
    <artifact classifier='osgi.bundle' id='org.eclipse.equinox.console' version='1.3.0.v20180119-0630'>
      <properties size='1'>
        <property name='download.size' value='125279'/>
      </properties>
    </artifact>
    <artifact classifier='osgi.bundle' id='org.eclipse.ui.workbench.texteditor' version='3.11.0.v20180419-2011'>
      <properties size='1'>
        <property name='download.size' value='672316'/>
      </properties>
    </artifact>
    <artifact classifier='org.eclipse.update.feature' id='net.myerichsen.hremvp.feature' version='0.2.0.201901051140'>
      <properties size='1'>
        <property name='download.size' value='1027'/>
      </properties>
      <repositoryProperties size='1'>
        <property name='artifact.folder' value='true'/>
      </repositoryProperties>
    </artifact>
    <artifact classifier='osgi.bundle' id='org.apache.commons.logging' version='1.1.1.v201101211721'>
      <properties size='1'>
        <property name='download.size' value='73633'/>
      </properties>
    </artifact>
    <artifact classifier='osgi.bundle' id='org.w3c.dom.events' version='3.0.0.draft20060413_v201105210656'>
      <properties size='1'>
        <property name='download.size' value='15720'/>
      </properties>
    </artifact>
    <artifact classifier='osgi.bundle' id='org.eclipse.help.webapp' version='3.9.100.v20180528-0907'>
      <properties size='1'>
        <property name='download.size' value='633376'/>
      </properties>
    </artifact>
    <artifact classifier='osgi.bundle' id='org.apache.felix.gogo.runtime' version='1.0.6.v20170914-1324'>
      <properties size='1'>
        <property name='download.size' value='214089'/>
      </properties>
    </artifact>
    <artifact classifier='osgi.bundle' id='org.apache.felix.scr' version='2.0.14.v20180117-1452'>
      <properties size='1'>
        <property name='download.size' value='371014'/>
      </properties>
    </artifact>
    <artifact classifier='osgi.bundle' id='org.eclipse.jface.text' version='3.13.0.v20180527-1819'>
      <properties size='1'>
        <property name='download.size' value='1132016'/>
      </properties>
    </artifact>
    <artifact classifier='osgi.bundle' id='com.sun.el' version='2.2.0.v201303151357'>
      <properties size='1'>
        <property name='download.size' value='136435'/>
      </properties>
    </artifact>
    <artifact classifier='osgi.bundle' id='org.eclipse.e4.ui.css.swt' version='0.13.100.v20180515-1637'>
      <properties size='1'>
        <property name='download.size' value='262185'/>
      </properties>
    </artifact>
    <artifact classifier='osgi.bundle' id='org.eclipse.equinox.bidi' version='1.1.100.v20171221-2204'>
      <properties size='1'>
        <property name='download.size' value='49725'/>
      </properties>
    </artifact>
    <artifact classifier='osgi.bundle' id='org.h2' version='1.3.168.v201212121212'>
      <properties size='1'>
        <property name='download.size' value='1311109'/>
      </properties>
    </artifact>
    <artifact classifier='osgi.bundle' id='org.eclipse.equinox.http.servlet' version='1.5.0.v20180501-1936'>
      <properties size='1'>
        <property name='download.size' value='205406'/>
      </properties>
    </artifact>
    <artifact classifier='osgi.bundle' id='org.eclipse.equinox.http.registry' version='1.1.500.v20171221-2204'>
      <properties size='1'>
        <property name='download.size' value='46372'/>
      </properties>
    </artifact>
    <artifact classifier='osgi.bundle' id='javax.el' version='2.2.0.v201303151357'>
      <properties size='1'>
        <property name='download.size' value='55399'/>
      </properties>
    </artifact>
    <artifact classifier='osgi.bundle' id='javax.servlet' version='3.1.0.v201410161800'>
      <properties size='1'>
        <property name='download.size' value='105237'/>
      </properties>
    </artifact>
    <artifact classifier='osgi.bundle' id='org.eclipse.jetty.io' version='9.4.10.v20180503'>
      <properties size='1'>
        <property name='download.size' value='146999'/>
      </properties>
    </artifact>
    <artifact classifier='osgi.bundle' id='org.eclipse.ui.workbench' version='3.111.0.v20180524-1156'>
      <properties size='1'>
        <property name='download.size' value='3747375'/>
      </properties>
    </artifact>
    <artifact classifier='osgi.bundle' id='org.eclipse.core.databinding.property' version='1.6.200.v20180403-0944'>
      <properties size='1'>
        <property name='download.size' value='165263'/>
      </properties>
    </artifact>
    <artifact classifier='osgi.bundle' id='org.apache.batik.css' version='1.9.1.v20180313-1559'>
      <properties size='1'>
        <property name='download.size' value='359853'/>
      </properties>
    </artifact>
    <artifact classifier='osgi.bundle' id='org.eclipse.jface' version='3.14.0.v20180423-0714'>
      <properties size='1'>
        <property name='download.size' value='1100815'/>
      </properties>
    </artifact>
    <artifact classifier='osgi.bundle' id='org.eclipse.emf.ecore.xmi' version='2.14.0.v20180129-1548'>
      <properties size='1'>
        <property name='download.size' value='235237'/>
      </properties>
    </artifact>
    <artifact classifier='osgi.bundle' id='org.eclipse.jetty.server' version='9.4.10.v20180503'>
      <properties size='1'>
        <property name='download.size' value='614553'/>
      </properties>
    </artifact>
    <artifact classifier='osgi.bundle' id='org.eclipse.swt.win32.win32.x86_64' version='3.107.0.v20180611-0422'>
      <properties size='1'>
        <property name='download.size' value='2470387'/>
      </properties>
    </artifact>
    <artifact classifier='osgi.bundle' id='org.apache.httpcomponents.httpclient' version='4.5.2.v20170210-0925'>
      <properties size='1'>
        <property name='download.size' value='1006005'/>
      </properties>
    </artifact>
    <artifact classifier='osgi.bundle' id='org.apache.lucene.analyzers-common' version='7.1.0.v20180122-2126'>
      <properties size='1'>
        <property name='download.size' value='1693106'/>
      </properties>
    </artifact>
    <artifact classifier='osgi.bundle' id='org.eclipse.core.databinding' version='1.6.200.v20180509-1517'>
      <properties size='1'>
        <property name='download.size' value='175944'/>
      </properties>
    </artifact>
    <artifact classifier='osgi.bundle' id='org.eclipse.emf.common' version='2.14.0.v20180527-1134'>
      <properties size='1'>
        <property name='download.size' value='375172'/>
      </properties>
    </artifact>
    <artifact classifier='osgi.bundle' id='org.eclipse.jetty.util' version='9.4.10.v20180503'>
      <properties size='1'>
        <property name='download.size' value='522792'/>
      </properties>
    </artifact>
    <artifact classifier='osgi.bundle' id='org.apache.batik.util' version='1.9.1.v20180227-1645'>
      <properties size='1'>
        <property name='download.size' value='147139'/>
      </properties>
    </artifact>
    <artifact classifier='osgi.bundle' id='org.eclipse.core.variables' version='3.4.100.v20180509-0959'>
      <properties size='1'>
        <property name='download.size' value='36019'/>
      </properties>
    </artifact>
    <artifact classifier='osgi.bundle' id='org.eclipse.equinox.ds' version='1.5.100.v20171221-2204'>
      <properties size='1'>
        <property name='download.size' value='29150'/>
      </properties>
    </artifact>
    <artifact classifier='osgi.bundle' id='org.w3c.dom.smil' version='1.0.1.v200903091627'>
      <properties size='1'>
        <property name='download.size' value='20106'/>
      </properties>
    </artifact>
    <artifact classifier='osgi.bundle' id='org.eclipse.emf.ecore' version='2.14.0.v20180529-1144'>
      <properties size='1'>
        <property name='download.size' value='1406738'/>
      </properties>
    </artifact>
    <artifact classifier='osgi.bundle' id='org.eclipse.e4.ui.css.swt.theme' version='0.12.0.v20180403-0944'>
      <properties size='1'>
        <property name='download.size' value='29114'/>
      </properties>
    </artifact>
    <artifact classifier='osgi.bundle' id='javax.inject' version='1.0.0.v20091030'>
      <properties size='1'>
        <property name='download.size' value='14411'/>
      </properties>
    </artifact>
    <artifact classifier='osgi.bundle' id='org.eclipse.core.expressions' version='3.6.100.v20180426-1644'>
      <properties size='1'>
        <property name='download.size' value='91543'/>
      </properties>
    </artifact>
    <artifact classifier='osgi.bundle' id='org.eclipse.e4.ui.workbench.addons.swt' version='1.3.100.v20180516-2019'>
      <properties size='1'>
        <property name='download.size' value='124980'/>
      </properties>
    </artifact>
    <artifact classifier='osgi.bundle' id='org.eclipse.equinox.preferences' version='3.7.100.v20180510-1129'>
      <properties size='1'>
        <property name='download.size' value='133497'/>
      </properties>
    </artifact>
    <artifact classifier='osgi.bundle' id='org.eclipse.equinox.jsp.jasper' version='1.1.0.v20180501-1958'>
      <properties size='1'>
        <property name='download.size' value='28431'/>
      </properties>
    </artifact>
    <artifact classifier='osgi.bundle' id='org.eclipse.e4.core.services' version='2.1.100.v20180427-1454'>
      <properties size='1'>
        <property name='download.size' value='58408'/>
      </properties>
    </artifact>
    <artifact classifier='osgi.bundle' id='org.apache.jasper.glassfish' version='2.2.2.v201501141630'>
      <properties size='1'>
        <property name='download.size' value='2435771'/>
      </properties>
    </artifact>
    <artifact classifier='osgi.bundle' id='org.eclipse.text' version='3.6.300.v20180430-1330'>
      <properties size='1'>
        <property name='download.size' value='269840'/>
      </properties>
    </artifact>
    <artifact classifier='osgi.bundle' id='org.eclipse.jetty.servlet' version='9.4.10.v20180503'>
      <properties size='1'>
        <property name='download.size' value='120088'/>
      </properties>
    </artifact>
    <artifact classifier='osgi.bundle' id='org.eclipse.core.databinding.observable' version='1.6.200.v20180424-1922'>
      <properties size='1'>
        <property name='download.size' value='315220'/>
      </properties>
    </artifact>
    <artifact classifier='osgi.bundle' id='org.eclipse.equinox.simpleconfigurator' version='1.3.0.v20180502-1828'>
      <properties size='1'>
        <property name='download.size' value='45902'/>
      </properties>
    </artifact>
    <artifact classifier='osgi.bundle' id='org.eclipse.e4.ui.workbench.renderers.swt' version='0.14.200.v20180516-2019'>
      <properties size='1'>
        <property name='download.size' value='249639'/>
      </properties>
    </artifact>
    <artifact classifier='osgi.bundle' id='org.w3c.css.sac' version='1.3.1.v200903091627'>
      <properties size='1'>
        <property name='download.size' value='36448'/>
      </properties>
    </artifact>
    <artifact classifier='osgi.bundle' id='org.eclipse.jface.databinding' version='1.8.200.v20180403-0945'>
      <properties size='1'>
        <property name='download.size' value='292271'/>
      </properties>
    </artifact>
    <artifact classifier='osgi.bundle' id='org.apache.batik.i18n' version='1.9.1.v20180227-1645'>
      <properties size='1'>
        <property name='download.size' value='24036'/>
      </properties>
    </artifact>
    <artifact classifier='org.eclipse.update.feature' id='org.eclipse.emf.ecore' version='2.14.0.v20180529-1144'>
      <properties size='1'>
        <property name='download.size' value='18297'/>
      </properties>
      <repositoryProperties size='1'>
        <property name='artifact.folder' value='true'/>
      </repositoryProperties>
    </artifact>
    <artifact classifier='osgi.bundle' id='org.eclipse.osgi.util' version='3.5.0.v20180219-1511'>
      <properties size='1'>
        <property name='download.size' value='73316'/>
      </properties>
    </artifact>
    <artifact classifier='osgi.bundle' id='org.eclipse.e4.emf.xpath' version='0.2.100.v20180403-0944'>
      <properties size='1'>
        <property name='download.size' value='50026'/>
      </properties>
    </artifact>
    <artifact classifier='org.eclipse.update.feature' id='com.opcoach.e4.preferences.feature' version='1.0.0.201901051140'>
      <properties size='1'>
        <property name='download.size' value='877'/>
      </properties>
      <repositoryProperties size='1'>
        <property name='artifact.folder' value='true'/>
      </repositoryProperties>
    </artifact>
  </artifacts>
</repository>
