<?xml version="1.0" encoding="UTF-8"?>
<config date="1546688550027" transient="false">
	<site updateable="true" url="platform:/base/" enabled="true" policy="USER-EXCLUDE">
		<feature id="org.eclipse.help" version="2.2.200.v20180611-0500" url="features/org.eclipse.help_2.2.200.v20180611-0500/" plugin-identifier="org.eclipse.help.base">
		</feature>
		<feature id="net.myerichsen.hremvp.feature" version="0.2.0.201901051140" url="features/net.myerichsen.hremvp.feature_0.2.0.201901051140/">
		</feature>
		<feature id="org.eclipse.emf.common" version="2.14.0.v20180527-1134" url="features/org.eclipse.emf.common_2.14.0.v20180527-1134/">
		</feature>
		<feature id="org.eclipse.e4.rcp" version="1.6.100.v20180611-0422" url="features/org.eclipse.e4.rcp_1.6.100.v20180611-0422/">
		</feature>
		<feature id="org.eclipse.emf.ecore" version="2.14.0.v20180529-1144" url="features/org.eclipse.emf.ecore_2.14.0.v20180529-1144/">
		</feature>
		<feature id="com.opcoach.e4.preferences.feature" version="1.0.0.201901051140" url="features/com.opcoach.e4.preferences.feature_1.0.0.201901051140/">
		</feature>
	</site>
</config>
