<?xml version="1.0" encoding="UTF-8"?>
<feature
      id="com.opcoach.e4.preferences.feature"
      label="Feature"
      version="1.0.0.201901051140"
      provider-name="OPCOACH">

   <description url="http://www.example.com/description">
      [Enter Feature Description here.]
   </description>

   <copyright url="http://www.example.com/copyright">
      [Enter Copyright Description here.]
   </copyright>

   <license url="http://www.example.com/license">
      [Enter License Description here.]
   </license>

   <requires>
      <import plugin="javax.inject"/>
      <import plugin="org.eclipse.core.runtime" version="3.9.0" match="greaterOrEqual"/>
      <import plugin="org.eclipse.e4.core.di" version="1.3.0" match="greaterOrEqual"/>
      <import plugin="org.eclipse.e4.ui.model.workbench" version="1.0.0" match="greaterOrEqual"/>
      <import plugin="org.eclipse.e4.core.services" version="1.1.0" match="greaterOrEqual"/>
      <import plugin="org.eclipse.e4.core.contexts" version="1.3.0" match="greaterOrEqual"/>
      <import plugin="org.eclipse.e4.ui.services" version="1.0.0" match="greaterOrEqual"/>
      <import plugin="org.eclipse.core.commands" version="3.7.0" match="greaterOrEqual"/>
      <import plugin="org.eclipse.jface.databinding"/>
      <import plugin="org.eclipse.jface"/>
      <import plugin="org.eclipse.swt"/>
   </requires>

   <plugin
         id="com.opcoach.e4.preferences"
         download-size="19"
         install-size="42"
         version="1.0.0.201901051140"/>

</feature>
